<?xml version="1.0" encoding="UTF-8"?>
<project-private xmlns="http://www.netbeans.org/ns/project-private/1">
    <editor-bookmarks xmlns="http://www.netbeans.org/ns/editor-bookmarks/2" lastBookmarkId="0"/>
    <open-files xmlns="http://www.netbeans.org/ns/projectui-open-files/2">
        <group>
            <file>file:/D:/Documents/Job_Portal/src/job_portal/Job_Portal.java</file>
            <file>file:/D:/Documents/Job_Portal/src/job_portal/login_page.java</file>
            <file>file:/D:/Documents/Job_Portal/src/job_portal/home.java</file>
            <file>file:/D:/Documents/Job_Portal/src/job_portal/Job_Search1.java</file>
            <file>file:/D:/Documents/Job_Portal/src/job_portal/Connection_provider.java</file>
            <file>file:/D:/Documents/Job_Portal/src/job_portal/update_delete.java</file>
            <file>file:/D:/Documents/Job_Portal/src/job_portal/Dashboard1.java</file>
            <file>file:/D:/Documents/Job_Portal/src/job_portal/apply_job.java</file>
        </group>
    </open-files>
</project-private>
